Name,Age,Salary,Gender,Department,Purchased_Product
A825662,-0.2020305089104425,0.3922322702763702,0,1,1
A825664,1.3131983079178735,0.9805806756909216,1,2,1
A825663,-1.111167799007432,-1.3728129459672866,0,1,0
